"group_name"	"n"	"Length"	"Percentcov"
"EOG091H03UP"	127	309	41.1003236245955
"EOG091H00VY"	152	1002	15.1696606786427
"EOG091H01FI"	297	557	53.3213644524237
"EOG091H04KS"	28	306	9.15032679738562
"EOG091H032B"	66	365	18.0821917808219
"EOG091H07DH"	130	170	76.4705882352941
"EOG091H012C"	140	251	55.7768924302789
"EOG091H044T"	161	367	43.8692098092643
"EOG091H004B"	26	1449	1.79434092477571
"EOG091H00RF"	33	703	4.69416785206259
"EOG091H074D"	74	253	29.2490118577075
"EOG091H01QU"	109	536	20.3358208955224
"EOG091H00Q7"	479	747	64.1231593038822
"EOG091H09UU"	74	104	71.1538461538462
"EOG091H00IO"	463	874	52.974828375286
"EOG091H05OT"	32	274	11.6788321167883
"EOG091H00LE"	NA	NA	0
"EOG091H023Q"	276	463	59.6112311015119
"EOG091H0387"	326	331	98.4894259818731
"EOG091H02ZH"	290	401	72.3192019950125
"EOG091H0286"	111	429	25.8741258741259
"EOG091H049M"	114	303	37.6237623762376
"EOG091H070B"	102	190	53.6842105263158
"EOG091H05KP"	167	265	63.0188679245283
"EOG091H06B0"	NA	NA	0
"EOG091H00OX"	246	865	28.4393063583815
"EOG091H01K8"	187	326	57.361963190184
"EOG091H01WD"	102	618	16.504854368932
"EOG091H01CW"	548	629	87.1224165341812
"EOG091H00RU"	42	604	6.95364238410596
"EOG091H01LW"	85	373	22.7882037533512
"EOG091H02GX"	127	484	26.2396694214876
"EOG091H0016"	25	2376	1.05218855218855
"EOG091H002T"	66	1561	4.22805893657912
"EOG091H00LY"	350	698	50.1432664756447
"EOG091H034Q"	240	391	61.381074168798
"EOG091H03TZ"	26	255	10.1960784313725
"EOG091H01Z9"	171	423	40.4255319148936
"EOG091H0AZT"	51	88	57.9545454545455
"EOG091H03W9"	149	348	42.816091954023
"EOG091H00T3"	131	797	16.4366373902133
"EOG091H03RO"	219	338	64.792899408284
"EOG091H05SN"	107	247	43.3198380566802
"EOG091H025F"	82	651	12.5960061443932
"EOG091H0982"	78	122	63.9344262295082
"EOG091H097R"	21	138	15.2173913043478
"EOG091H03GZ"	NA	NA	0
"EOG091H02F5"	NA	NA	0
"EOG091H01OC"	422	508	83.0708661417323
"EOG091H05JJ"	NA	NA	0
"EOG091H01V0"	112	681	16.446402349486
"EOG091H03TW"	42	366	11.4754098360656
"EOG091H00I6"	562	831	67.6293622141998
"EOG091H02GU"	311	650	47.8461538461538
"EOG091H00K2"	11	955	1.15183246073298
"EOG091H02HW"	330	446	73.9910313901345
"EOG091H0A6R"	79	128	61.71875
"EOG091H01IT"	219	520	42.1153846153846
"EOG091H01CG"	319	494	64.5748987854251
"EOG091H00B7"	290	881	32.9171396140749
"EOG091H002E"	1340	1922	69.7190426638918
"EOG091H08FQ"	53	213	24.8826291079812
"EOG091H0654"	49	469	10.4477611940298
"EOG091H04AC"	NA	NA	0
"EOG091H0121"	346	651	53.1490015360983
"EOG091H00YH"	479	683	70.1317715959004
"EOG091H06SS"	26	245	10.6122448979592
"EOG091H05K1"	183	221	82.8054298642534
"EOG091H056A"	52	305	17.0491803278689
"EOG091H055B"	44	391	11.2531969309463
"EOG091H03XY"	162	313	51.7571884984025
"EOG091H05AN"	107	260	41.1538461538462
"EOG091H08YC"	100	122	81.9672131147541
"EOG091H00OG"	63	668	9.4311377245509
"EOG091H02NI"	343	389	88.1748071979435
"EOG091H00K8"	627	805	77.888198757764
"EOG091H0944"	33	90	36.6666666666667
"EOG091H05H5"	76	168	45.2380952380952
"EOG091H029S"	3	448	0.669642857142857
"EOG091H01SR"	51	472	10.8050847457627
"EOG091H05WA"	35	247	14.17004048583
"EOG091H08H7"	34	149	22.8187919463087
"EOG091H0A8G"	62	96	64.5833333333333
"EOG091H00KI"	417	867	48.0968858131488
"EOG091H00QE"	247	375	65.8666666666667
"EOG091H09S6"	73	235	31.063829787234
"EOG091H04F1"	125	412	30.3398058252427
"EOG091H07XW"	NA	NA	0
"EOG091H072Q"	43	126	34.1269841269841
"EOG091H014E"	103	836	12.3205741626794
"EOG091H03S6"	108	336	32.1428571428571
"EOG091H04M5"	67	243	27.5720164609054
"EOG091H02PP"	3	353	0.84985835694051
"EOG091H07XI"	NA	NA	0
"EOG091H02PE"	54	457	11.8161925601751
"EOG091H01ZP"	350	495	70.7070707070707
"EOG091H05BA"	74	248	29.8387096774194
"EOG091H02NH"	176	425	41.4117647058824
"EOG091H05HQ"	132	255	51.7647058823529
"EOG091H00GM"	29	701	4.13694721825963
"EOG091H03ZT"	245	295	83.0508474576271
"EOG091H04P2"	102	245	41.6326530612245
"EOG091H003N"	664	1808	36.7256637168142
"EOG091H0AEC"	34	101	33.6633663366337
"EOG091H03B0"	255	363	70.2479338842975
"EOG091H03W7"	188	326	57.6687116564417
"EOG091H06IH"	NA	NA	0
"EOG091H02US"	213	378	56.3492063492063
"EOG091H03FW"	185	359	51.5320334261838
"EOG091H00P3"	521	712	73.1741573033708
"EOG091H01V3"	116	559	20.7513416815742
"EOG091H05II"	NA	NA	0
"EOG091H01Q0"	220	777	28.3140283140283
"EOG091H02K1"	192	283	67.8445229681979
"EOG091H02Q9"	26	350	7.42857142857143
"EOG091H0AJN"	77	77	100
"EOG091H044U"	17	370	4.59459459459459
"EOG091H04WQ"	59	245	24.0816326530612
"EOG091H01CK"	257	628	40.9235668789809
"EOG091H06U3"	70	195	35.8974358974359
"EOG091H08RW"	25	110	22.7272727272727
"EOG091H036I"	342	405	84.4444444444444
"EOG091H082N"	3	156	1.92307692307692
"EOG091H08RU"	28	115	24.3478260869565
"EOG091H03ZG"	35	338	10.3550295857988
"EOG091H01WM"	129	570	22.6315789473684
"EOG091H09YI"	31	104	29.8076923076923
"EOG091H008Z"	36	1302	2.76497695852535
"EOG091H09LY"	45	107	42.0560747663551
"EOG091H04FI"	86	369	23.3062330623306
"EOG091H08A7"	30	176	17.0454545454545
"EOG091H00VG"	390	789	49.4296577946768
"EOG091H044L"	213	300	71
"EOG091H020A"	359	449	79.9554565701559
"EOG091H0857"	74	144	51.3888888888889
"EOG091H01VQ"	283	515	54.9514563106796
"EOG091H0BAA"	46	60	76.6666666666667
"EOG091H085T"	20	169	11.8343195266272
"EOG091H007U"	471	952	49.4747899159664
"EOG091H00O6"	240	774	31.0077519379845
"EOG091H03DJ"	68	527	12.9032258064516
"EOG091H013Z"	349	735	47.4829931972789
"EOG091H09DN"	23	134	17.1641791044776
"EOG091H085R"	126	168	75
"EOG091H06IK"	NA	NA	0
"EOG091H02OK"	132	378	34.9206349206349
"EOG091H03YU"	70	550	12.7272727272727
"EOG091H028T"	43	404	10.6435643564356
"EOG091H01LE"	214	502	42.6294820717131
"EOG091H07K5"	91	185	49.1891891891892
"EOG091H03EM"	125	395	31.6455696202532
"EOG091H09E6"	54	104	51.9230769230769
"EOG091H028N"	168	460	36.5217391304348
"EOG091H01J9"	251	517	48.5493230174081
"EOG091H0491"	228	279	81.7204301075269
"EOG091H05KS"	74	385	19.2207792207792
"EOG091H032X"	192	313	61.3418530351438
"EOG091H00WM"	405	618	65.5339805825243
"EOG091H07D8"	80	174	45.9770114942529
"EOG091H00FN"	449	971	46.2409886714727
"EOG091H07D4"	34	203	16.7487684729064
"EOG091H04Q6"	66	402	16.4179104477612
"EOG091H01ZC"	212	479	44.258872651357
"EOG091H02H7"	139	516	26.937984496124
"EOG091H028Y"	184	409	44.9877750611247
"EOG091H0302"	109	405	26.9135802469136
"EOG091H00GZ"	344	728	47.2527472527472
"EOG091H00PU"	281	655	42.9007633587786
"EOG091H089D"	106	151	70.1986754966888
"EOG091H03Y6"	260	292	89.041095890411
"EOG091H07RS"	139	161	86.3354037267081
"EOG091H03WO"	273	314	86.9426751592357
"EOG091H0641"	19	367	5.17711171662125
"EOG091H019D"	103	605	17.0247933884298
"EOG091H07HG"	35	171	20.4678362573099
"EOG091H03HK"	257	445	57.752808988764
"EOG091H006P"	510	1146	44.5026178010471
"EOG091H01SO"	NA	NA	0
"EOG091H00DA"	281	904	31.0840707964602
"EOG091H068Q"	189	240	78.75
"EOG091H00K6"	554	710	78.0281690140845
"EOG091H00YI"	309	650	47.5384615384615
"EOG091H0ACF"	NA	NA	0
"EOG091H00QS"	311	667	46.6266866566717
"EOG091H07BC"	126	205	61.4634146341463
"EOG091H090O"	154	203	75.8620689655172
"EOG091H03HT"	119	322	36.9565217391304
"EOG091H03ZJ"	165	297	55.5555555555556
"EOG091H0792"	164	167	98.2035928143712
"EOG091H056U"	155	261	59.3869731800766
"EOG091H07XV"	123	190	64.7368421052632
"EOG091H03WX"	66	304	21.7105263157895
"EOG091H00PN"	39	776	5.02577319587629
"EOG091H06WU"	153	215	71.1627906976744
"EOG091H0130"	175	678	25.811209439528
"EOG091H06NT"	52	287	18.1184668989547
"EOG091H09M5"	61	139	43.8848920863309
"EOG091H04G3"	82	327	25.0764525993884
"EOG091H00EN"	71	379	18.7335092348285
"EOG091H03U2"	87	345	25.2173913043478
"EOG091H07RU"	86	119	72.2689075630252
"EOG091H04RD"	154	314	49.0445859872611
"EOG091H00R6"	176	722	24.3767313019391
"EOG091H01GK"	246	433	56.8129330254042
"EOG091H0464"	242	291	83.1615120274914
"EOG091H03ZH"	36	264	13.6363636363636
"EOG091H005M"	124	1313	9.44402132520944
"EOG091H01YD"	231	521	44.3378119001919
"EOG091H02B8"	401	489	82.0040899795501
"EOG091H06K4"	59	199	29.6482412060301
"EOG091H068R"	140	215	65.1162790697674
"EOG091H08NA"	20	129	15.5038759689922
"EOG091H0433"	2	318	0.628930817610063
"EOG091H0AOW"	65	74	87.8378378378378
"EOG091H0542"	152	259	58.6872586872587
"EOG091H0190"	NA	NA	0
"EOG091H00ZZ"	327	607	53.8714991762768
"EOG091H05J3"	NA	NA	0
"EOG091H098B"	28	145	19.3103448275862
"EOG091H00YU"	484	655	73.8931297709924
"EOG091H0809"	24	230	10.4347826086957
"EOG091H0029"	719	1830	39.2896174863388
"EOG091H06RV"	150	253	59.2885375494071
"EOG091H044G"	80	308	25.974025974026
"EOG091H03BE"	51	416	12.2596153846154
"EOG091H06GG"	201	261	77.0114942528736
"EOG091H00D9"	27	1158	2.33160621761658
"EOG091H01O1"	NA	NA	0
"EOG091H01J0"	254	482	52.6970954356847
"EOG091H09G2"	68	199	34.1708542713568
"EOG091H02ZR"	23	546	4.21245421245421
"EOG091H016V"	215	649	33.1278890600924
"EOG091H008D"	215	499	43.0861723446894
"EOG091H086Q"	118	141	83.6879432624114
"EOG091H01XR"	NA	NA	0
"EOG091H056M"	48	251	19.1235059760956
"EOG091H05UG"	45	327	13.7614678899083
"EOG091H0538"	105	278	37.7697841726619
"EOG091H05FT"	159	208	76.4423076923077
"EOG091H05QG"	87	234	37.1794871794872
"EOG091H03LO"	62	343	18.0758017492711
"EOG091H00NL"	157	627	25.0398724082935
"EOG091H083D"	55	128	42.96875
"EOG091H0460"	235	317	74.1324921135647
"EOG091H0127"	475	659	72.0789074355083
"EOG091H03UR"	90	405	22.2222222222222
"EOG091H01CQ"	92	596	15.4362416107383
"EOG091H01YM"	127	251	50.597609561753
"EOG091H00IN"	705	824	85.5582524271845
"EOG091H05M3"	159	249	63.855421686747
"EOG091H02SZ"	82	398	20.6030150753769
"EOG091H014Q"	75	624	12.0192307692308
"EOG091H02J2"	178	494	36.0323886639676
"EOG091H00WE"	518	673	76.9687964338782
"EOG091H03FO"	221	355	62.2535211267606
"EOG091H02FN"	163	331	49.2447129909366
"EOG091H086R"	NA	NA	0
"EOG091H0AFS"	NA	NA	0
"EOG091H008Q"	77	1299	5.92763664357198
"EOG091H017Q"	NA	NA	0
"EOG091H05TP"	165	230	71.7391304347826
"EOG091H091T"	76	110	69.0909090909091
"EOG091H04TX"	90	257	35.0194552529183
"EOG091H01F7"	60	538	11.1524163568773
"EOG091H06O1"	166	278	59.7122302158273
"EOG091H08SZ"	94	127	74.0157480314961
"EOG091H04ZT"	81	320	25.3125
"EOG091H00NM"	213	740	28.7837837837838
"EOG091H0B1C"	57	88	64.7727272727273
"EOG091H06HP"	49	134	36.5671641791045
"EOG091H07FE"	91	220	41.3636363636364
"EOG091H02V7"	80	293	27.3037542662116
"EOG091H05LE"	27	238	11.3445378151261
"EOG091H071R"	76	200	38
"EOG091H06LC"	58	216	26.8518518518519
"EOG091H03WD"	245	324	75.6172839506173
"EOG091H03TP"	291	330	88.1818181818182
"EOG091H00C4"	95	827	11.4873035066505
"EOG091H01GP"	NA	NA	0
"EOG091H03LP"	176	373	47.1849865951743
"EOG091H01R8"	103	526	19.5817490494297
"EOG091H01K7"	178	677	26.2924667651403
"EOG091H069L"	48	258	18.6046511627907
"EOG091H06I5"	148	216	68.5185185185185
"EOG091H08LX"	75	184	40.7608695652174
"EOG091H05H6"	212	302	70.1986754966888
"EOG091H027A"	NA	NA	0
"EOG091H04T9"	174	293	59.3856655290102
"EOG091H05P6"	27	247	10.9311740890688
"EOG091H02GV"	126	346	36.4161849710983
"EOG091H00Q9"	22	743	2.96096904441454
"EOG091H054R"	119	280	42.5
"EOG091H00UC"	144	794	18.1360201511335
"EOG091H08NZ"	138	181	76.2430939226519
"EOG091H03SV"	211	290	72.7586206896552
"EOG091H07OF"	15	168	8.92857142857143
"EOG091H00WJ"	317	642	49.3769470404984
"EOG091H06GW"	NA	NA	0
"EOG091H01NB"	152	549	27.6867030965392
"EOG091H07DQ"	130	180	72.2222222222222
"EOG091H073T"	48	284	16.9014084507042
"EOG091H02AB"	265	481	55.0935550935551
"EOG091H03XL"	189	203	93.1034482758621
"EOG091H029Q"	33	362	9.11602209944751
"EOG091H02KG"	69	464	14.8706896551724
"EOG091H02FR"	171	390	43.8461538461538
"EOG091H055R"	138	294	46.9387755102041
"EOG091H08HS"	29	146	19.8630136986301
"EOG091H07PS"	80	167	47.9041916167665
"EOG091H039O"	NA	NA	0
"EOG091H00EC"	806	923	87.3239436619718
"EOG091H06M0"	139	207	67.1497584541063
"EOG091H02XN"	3	200	1.5
"EOG091H045J"	260	276	94.2028985507246
"EOG091H0285"	253	424	59.6698113207547
"EOG091H01YN"	335	472	70.9745762711864
"EOG091H064T"	100	254	39.3700787401575
"EOG091H098G"	43	175	24.5714285714286
"EOG091H06K6"	17	228	7.45614035087719
"EOG091H07IQ"	101	179	56.4245810055866
"EOG091H07B0"	NA	NA	0
"EOG091H07Y2"	176	178	98.876404494382
"EOG091H03Q1"	63	295	21.3559322033898
"EOG091H01BP"	127	610	20.8196721311475
"EOG091H05IK"	198	282	70.2127659574468
"EOG091H05MH"	111	249	44.578313253012
"EOG091H05HY"	49	307	15.9609120521173
"EOG091H09QA"	100	106	94.3396226415094
"EOG091H09VW"	39	290	13.448275862069
"EOG091H0AMN"	20	76	26.3157894736842
"EOG091H08IW"	42	139	30.2158273381295
"EOG091H0B7O"	60	89	67.4157303370787
"EOG091H054Y"	225	270	83.3333333333333
"EOG091H06NY"	102	195	52.3076923076923
"EOG091H057P"	2	297	0.673400673400673
"EOG091H08FV"	NA	NA	0
"EOG091H02ZX"	NA	NA	0
"EOG091H059E"	47	252	18.6507936507937
"EOG091H01BG"	59	562	10.4982206405694
"EOG091H01OS"	271	460	58.9130434782609
"EOG091H024T"	176	493	35.6997971602434
"EOG091H02T9"	296	379	78.1002638522427
"EOG091H01H5"	143	562	25.4448398576512
"EOG091H045E"	9	535	1.68224299065421
"EOG091H00SJ"	172	719	23.9221140472879
"EOG091H08LY"	NA	NA	0
"EOG091H025Q"	291	428	67.9906542056075
"EOG091H07A3"	19	198	9.5959595959596
"EOG091H03ZL"	NA	NA	0
"EOG091H03FE"	287	352	81.5340909090909
"EOG091H026S"	69	422	16.3507109004739
"EOG091H08K2"	19	150	12.6666666666667
"EOG091H0074"	187	1153	16.2185602775369
"EOG091H0596"	154	385	40
"EOG091H05XG"	77	274	28.1021897810219
"EOG091H075Z"	35	180	19.4444444444444
"EOG091H08JL"	NA	NA	0
"EOG091H0730"	81	202	40.0990099009901
"EOG091H03JG"	147	198	74.2424242424242
"EOG091H0069"	268	1137	23.570800351803
"EOG091H03UM"	41	344	11.9186046511628
"EOG091H04YC"	83	360	23.0555555555556
"EOG091H0713"	89	170	52.3529411764706
"EOG091H0A01"	38	121	31.404958677686
"EOG091H064Q"	178	327	54.434250764526
"EOG091H02SL"	119	410	29.0243902439024
"EOG091H051G"	26	237	10.9704641350211
"EOG091H021P"	406	624	65.0641025641026
"EOG091H050X"	24	348	6.89655172413793
"EOG091H02I0"	242	446	54.2600896860987
"EOG091H01X3"	293	477	61.4255765199161
"EOG091H09VX"	NA	NA	0
"EOG091H04PN"	83	252	32.9365079365079
"EOG091H0037"	772	1693	45.5995274660366
"EOG091H03QZ"	248	390	63.5897435897436
"EOG091H031Y"	17	363	4.6831955922865
"EOG091H02KZ"	60	393	15.2671755725191
"EOG091H02R1"	262	371	70.6199460916442
"EOG091H09IG"	31	107	28.9719626168224
"EOG091H01IX"	376	515	73.0097087378641
"EOG091H05FU"	89	150	59.3333333333333
"EOG091H00YM"	262	658	39.8176291793313
"EOG091H004L"	226	1540	14.6753246753247
"EOG091H018Y"	260	554	46.9314079422383
"EOG091H03AR"	44	351	12.5356125356125
"EOG091H02AK"	271	451	60.0886917960089
"EOG091H05BW"	55	261	21.0727969348659
"EOG091H01MU"	338	627	53.9074960127592
"EOG091H01BU"	166	500	33.2
"EOG091H08J3"	54	141	38.2978723404255
"EOG091H0B4K"	42	87	48.2758620689655
"EOG091H0AZL"	48	71	67.6056338028169
"EOG091H0431"	39	293	13.3105802047782
"EOG091H0306"	NA	NA	0
"EOG091H03TQ"	213	323	65.9442724458204
"EOG091H00N0"	640	868	73.7327188940092
"EOG091H03JP"	178	278	64.0287769784173
"EOG091H03IE"	107	311	34.4051446945338
"EOG091H07ZC"	32	213	15.0234741784038
"EOG091H00NK"	147	787	18.6785260482846
"EOG091H00VX"	423	643	65.7853810264386
"EOG091H03XH"	72	198	36.3636363636364
"EOG091H050B"	115	311	36.9774919614148
"EOG091H02LC"	155	495	31.3131313131313
"EOG091H095K"	54	128	42.1875
"EOG091H07CB"	32	170	18.8235294117647
"EOG091H023L"	253	425	59.5294117647059
"EOG091H02S6"	122	386	31.6062176165803
"EOG091H013T"	327	558	58.6021505376344
"EOG091H096T"	53	123	43.0894308943089
"EOG091H0214"	95	452	21.0176991150442
"EOG091H00QU"	258	828	31.1594202898551
"EOG091H00MA"	192	840	22.8571428571429
"EOG091H013V"	NA	NA	0
"EOG091H00VK"	NA	NA	0
"EOG091H03IS"	48	364	13.1868131868132
"EOG091H016F"	282	604	46.6887417218543
"EOG091H05ZX"	159	258	61.6279069767442
"EOG091H0924"	59	122	48.3606557377049
"EOG091H02D7"	343	437	78.4897025171625
"EOG091H02CS"	18	441	4.08163265306122
"EOG091H0212"	425	487	87.2689938398357
"EOG091H065N"	161	221	72.8506787330317
"EOG091H07N1"	NA	NA	0
"EOG091H01F1"	338	529	63.8941398865785
"EOG091H04U8"	NA	NA	0
"EOG091H04A1"	56	297	18.8552188552189
"EOG091H06N7"	27	422	6.39810426540284
"EOG091H05VE"	111	267	41.5730337078652
"EOG091H07U8"	110	164	67.0731707317073
"EOG091H04RZ"	90	262	34.3511450381679
"EOG091H008P"	367	1044	35.1532567049808
"EOG091H07UA"	150	258	58.1395348837209
"EOG091H05Q3"	84	266	31.5789473684211
"EOG091H0817"	41	157	26.1146496815287
"EOG091H079Q"	93	231	40.2597402597403
"EOG091H03PU"	287	458	62.6637554585153
"EOG091H01FZ"	184	509	36.1493123772102
"EOG091H01S2"	261	483	54.0372670807453
"EOG091H00VZ"	271	715	37.9020979020979
"EOG091H07C6"	120	175	68.5714285714286
"EOG091H065E"	154	243	63.3744855967078
"EOG091H01MN"	6	407	1.47420147420147
"EOG091H0162"	423	569	74.3409490333919
"EOG091H05SJ"	20	281	7.11743772241993
"EOG091H077O"	64	234	27.3504273504274
"EOG091H03IC"	NA	NA	0
"EOG091H036T"	NA	NA	0
"EOG091H0625"	187	216	86.5740740740741
"EOG091H06W9"	NA	NA	0
"EOG091H078C"	95	205	46.3414634146341
"EOG091H03T8"	112	300	37.3333333333333
"EOG091H06MX"	NA	NA	0
"EOG091H05EN"	14	199	7.03517587939699
"EOG091H02QD"	154	425	36.2352941176471
"EOG091H01X1"	179	514	34.8249027237354
"EOG091H0236"	395	459	86.0566448801743
"EOG091H0AYQ"	24	96	25
"EOG091H04MM"	107	548	19.5255474452555
"EOG091H01SM"	16	515	3.10679611650485
"EOG091H03D7"	197	433	45.4965357967667
"EOG091H007E"	186	1137	16.3588390501319
"EOG091H08LW"	68	136	50
"EOG091H076A"	79	175	45.1428571428571
"EOG091H05LD"	158	237	66.6666666666667
"EOG091H01N6"	270	485	55.6701030927835
"EOG091H01DE"	193	559	34.525939177102
"EOG091H01JV"	33	512	6.4453125
"EOG091H019P"	30	448	6.69642857142857
"EOG091H01MG"	200	600	33.3333333333333
"EOG091H013W"	15	606	2.47524752475248
"EOG091H00VB"	386	624	61.8589743589744
"EOG091H05VK"	115	223	51.5695067264574
"EOG091H00AU"	723	1137	63.5883905013193
"EOG091H0A24"	42	115	36.5217391304348
"EOG091H03Y3"	256	306	83.6601307189542
"EOG091H00MR"	1	1194	0.0837520938023451
"EOG091H041E"	274	296	92.5675675675676
"EOG091H088Y"	126	144	87.5
"EOG091H04MS"	192	309	62.1359223300971
"EOG091H02CZ"	45	491	9.16496945010183
"EOG091H03ZU"	253	317	79.8107255520505
"EOG091H01PH"	228	409	55.7457212713936
"EOG091H0090"	278	872	31.8807339449541
"EOG091H0AIZ"	29	98	29.5918367346939
"EOG091H060B"	159	269	59.1078066914498
"EOG091H04YN"	166	272	61.0294117647059
"EOG091H08JU"	114	135	84.4444444444444
"EOG091H05WB"	30	249	12.0481927710843
"EOG091H07A9"	121	174	69.5402298850575
"EOG091H00ME"	310	735	42.1768707482993
"EOG091H06XM"	NA	NA	0
"EOG091H08DE"	NA	NA	0
"EOG091H02EN"	NA	NA	0
"EOG091H02X0"	227	309	73.462783171521
"EOG091H0002"	3636	5774	62.9719431936266
"EOG091H01ZX"	233	567	41.0934744268078
"EOG091H02ND"	40	634	6.30914826498423
"EOG091H037A"	84	378	22.2222222222222
"EOG091H02YK"	45	383	11.7493472584856
"EOG091H03PC"	38	339	11.2094395280236
"EOG091H04ZK"	115	267	43.0711610486891
"EOG091H00QH"	267	789	33.8403041825095
"EOG091H0949"	NA	NA	0
"EOG091H07CQ"	25	233	10.7296137339056
"EOG091H00L8"	556	825	67.3939393939394
"EOG091H06VU"	160	227	70.4845814977974
"EOG091H00TB"	234	1290	18.1395348837209
"EOG091H05I4"	NA	NA	0
"EOG091H0116"	393	618	63.5922330097087
"EOG091H02VU"	104	395	26.3291139240506
"EOG091H070S"	44	214	20.5607476635514
"EOG091H05UV"	14	278	5.03597122302158
"EOG091H07TA"	49	184	26.6304347826087
"EOG091H047Z"	65	371	17.5202156334232
"EOG091H0315"	121	365	33.1506849315069
"EOG091H02B3"	NA	NA	0
"EOG091H0B5Y"	39	62	62.9032258064516
"EOG091H01EK"	349	547	63.8025594149909
"EOG091H02O4"	231	532	43.421052631579
"EOG091H003H"	43	2147	2.00279459711225
"EOG091H004U"	1162	1657	70.1267350633675
"EOG091H040W"	131	335	39.1044776119403
"EOG091H02NM"	173	331	52.2658610271903
"EOG091H0851"	32	153	20.9150326797386
"EOG091H011U"	219	614	35.6677524429967
"EOG091H00ER"	32	878	3.64464692482916
"EOG091H0131"	341	535	63.7383177570093
"EOG091H0A7P"	7	114	6.14035087719298
"EOG091H065R"	NA	NA	0
"EOG091H00T7"	174	689	25.2539912917271
"EOG091H09GT"	33	124	26.6129032258064
"EOG091H06RT"	23	232	9.91379310344828
"EOG091H033H"	261	356	73.314606741573
"EOG091H0717"	42	211	19.9052132701422
"EOG091H014S"	221	612	36.1111111111111
"EOG091H00WC"	22	884	2.48868778280543
"EOG091H01UZ"	246	593	41.4839797639123
"EOG091H07FF"	94	189	49.7354497354497
"EOG091H03QK"	167	351	47.5783475783476
"EOG091H01T6"	210	587	35.7751277683135
"EOG091H09CM"	57	118	48.3050847457627
"EOG091H050D"	50	245	20.4081632653061
"EOG091H01VC"	76	655	11.6030534351145
"EOG091H002I"	204	1449	14.0786749482402
"EOG091H09UD"	42	97	43.298969072165
"EOG091H03OO"	78	240	32.5
"EOG091H03B5"	NA	NA	0
"EOG091H03XZ"	163	310	52.5806451612903
"EOG091H03I3"	71	346	20.5202312138728
"EOG091H074S"	40	192	20.8333333333333
"EOG091H0B69"	27	204	13.2352941176471
"EOG091H06MW"	15	220	6.81818181818182
"EOG091H01UU"	398	521	76.3915547024952
"EOG091H06EG"	NA	NA	0
"EOG091H0021"	414	1369	30.2410518626735
"EOG091H059F"	NA	NA	0
"EOG091H01N7"	350	504	69.4444444444444
"EOG091H008U"	364	1107	32.8816621499548
"EOG091H01EY"	272	543	50.0920810313076
"EOG091H00NT"	45	755	5.96026490066225
"EOG091H01ML"	272	526	51.7110266159696
"EOG091H039S"	NA	NA	0
"EOG091H025I"	143	415	34.4578313253012
"EOG091H00CS"	537	1060	50.6603773584906
"EOG091H04OV"	264	284	92.9577464788732
"EOG091H07SM"	138	179	77.0949720670391
"EOG091H0365"	275	398	69.0954773869347
"EOG091H05NJ"	186	260	71.5384615384615
"EOG091H07LN"	44	147	29.9319727891156
"EOG091H076I"	92	204	45.0980392156863
"EOG091H03XM"	85	305	27.8688524590164
"EOG091H00GI"	607	854	71.0772833723653
"EOG091H01DL"	255	571	44.6584938704028
"EOG091H06F0"	129	206	62.621359223301
"EOG091H05I8"	165	253	65.2173913043478
"EOG091H00M0"	562	817	68.7882496940024
"EOG091H0A3K"	31	120	25.8333333333333
"EOG091H00L2"	480	563	85.2575488454707
"EOG091H01KW"	279	506	55.1383399209486
"EOG091H01L1"	90	565	15.929203539823
"EOG091H080Y"	26	147	17.687074829932
"EOG091H02TJ"	293	424	69.1037735849057
"EOG091H013G"	276	483	57.1428571428571
"EOG091H09Y8"	88	101	87.1287128712871
"EOG091H01K3"	233	489	47.6482617586912
"EOG091H0539"	125	311	40.1929260450161
"EOG091H03VV"	134	353	37.9603399433428
"EOG091H00N1"	308	802	38.4039900249377
"EOG091H05YE"	104	200	52
"EOG091H01H2"	24	516	4.65116279069767
"EOG091H03VF"	250	314	79.6178343949045
"EOG091H05NI"	184	237	77.6371308016878
"EOG091H0BO8"	NA	NA	0
"EOG091H03J4"	13	374	3.47593582887701
"EOG091H02Z6"	262	368	71.195652173913
"EOG091H040D"	102	345	29.5652173913043
"EOG091H001E"	14	2156	0.649350649350649
"EOG091H01DX"	250	570	43.859649122807
"EOG091H06SD"	NA	NA	0
"EOG091H01WT"	274	521	52.5911708253359
"EOG091H00XH"	339	642	52.803738317757
"EOG091H02W1"	77	418	18.4210526315789
"EOG091H015X"	363	653	55.5895865237366
"EOG091H02C1"	152	403	37.7171215880893
"EOG091H03TK"	35	234	14.957264957265
"EOG091H01TQ"	315	479	65.7620041753653
"EOG091H00NA"	572	738	77.5067750677507
"EOG091H08UA"	113	133	84.9624060150376
"EOG091H057W"	73	361	20.2216066481994
"EOG091H04XC"	190	294	64.6258503401361
"EOG091H00WG"	51	714	7.14285714285714
"EOG091H00ZH"	774	1692	45.7446808510638
"EOG091H08XO"	111	145	76.551724137931
"EOG091H07YW"	NA	NA	0
"EOG091H0APK"	69	105	65.7142857142857
"EOG091H04P1"	99	306	32.3529411764706
"EOG091H04MX"	191	279	68.4587813620072
"EOG091H04PD"	190	303	62.7062706270627
"EOG091H0AB9"	11	88	12.5
"EOG091H03DO"	179	362	49.4475138121547
"EOG091H0234"	85	427	19.9063231850117
"EOG091H05L2"	50	424	11.7924528301887
"EOG091H07PB"	57	213	26.7605633802817
"EOG091H08HY"	117	140	83.5714285714286
"EOG091H06XQ"	18	211	8.53080568720379
"EOG091H05Q7"	69	250	27.6
"EOG091H00K1"	487	826	58.9588377723971
"EOG091H07XH"	179	179	100
"EOG091H06Y7"	122	175	69.7142857142857
"EOG091H013B"	424	584	72.6027397260274
"EOG091H02DD"	112	562	19.9288256227758
"EOG091H04P8"	78	669	11.6591928251121
"EOG091H0027"	363	946	38.3720930232558
"EOG091H03DA"	185	359	51.5320334261838
"EOG091H0ATF"	29	81	35.8024691358025
"EOG091H017F"	122	642	19.0031152647975
"EOG091H07VO"	82	84	97.6190476190476
"EOG091H016J"	129	736	17.5271739130435
"EOG091H01EA"	453	492	92.0731707317073
"EOG091H042A"	105	255	41.1764705882353
"EOG091H025R"	345	414	83.3333333333333
"EOG091H07K7"	173	182	95.0549450549451
"EOG091H01RK"	204	520	39.2307692307692
"EOG091H079E"	90	136	66.1764705882353
"EOG091H02V3"	33	289	11.4186851211073
"EOG091H09U2"	NA	NA	0
"EOG091H09XO"	NA	NA	0
"EOG091H0ACD"	105	105	100
"EOG091H08YD"	77	107	71.9626168224299
"EOG091H006B"	303	990	30.6060606060606
"EOG091H0999"	91	135	67.4074074074074
"EOG091H06JZ"	NA	NA	0
"EOG091H00JC"	308	767	40.1564537157757
"EOG091H02IM"	136	459	29.6296296296296
"EOG091H01SI"	310	441	70.2947845804989
"EOG091H040I"	89	278	32.0143884892086
"EOG091H03S3"	172	354	48.5875706214689
"EOG091H05YP"	43	357	12.0448179271709
"EOG091H04QD"	179	245	73.0612244897959
"EOG091H0026"	998	1830	54.5355191256831
"EOG091H06E8"	133	219	60.7305936073059
"EOG091H02UF"	145	351	41.3105413105413
"EOG091H018I"	70	535	13.0841121495327
"EOG091H00T6"	555	766	72.4543080939948
"EOG091H01MY"	448	525	85.3333333333333
"EOG091H08QV"	39	136	28.6764705882353
"EOG091H05FG"	89	304	29.2763157894737
"EOG091H02XU"	163	376	43.3510638297872
"EOG091H0362"	25	571	4.37828371278459
"EOG091H07GQ"	158	190	83.1578947368421
"EOG091H01JM"	150	491	30.5498981670061
"EOG091H02I8"	368	429	85.7808857808858
"EOG091H01YG"	235	567	41.4462081128748
"EOG091H0219"	170	431	39.4431554524362
"EOG091H048E"	20	254	7.8740157480315
"EOG091H02S8"	297	379	78.3641160949868
"EOG091H00U7"	374	743	50.3364737550471
"EOG091H00TG"	130	918	14.161220043573
"EOG091H03LM"	309	335	92.2388059701493
"EOG091H0178"	96	663	14.4796380090498
"EOG091H01EN"	80	515	15.5339805825243
"EOG091H07CW"	NA	NA	0
"EOG091H00O1"	428	760	56.3157894736842
"EOG091H058F"	15	198	7.57575757575758
"EOG091H00SK"	183	660	27.7272727272727
"EOG091H07XY"	68	161	42.2360248447205
"EOG091H027V"	404	497	81.2877263581489
"EOG091H01AG"	177	673	26.3001485884101
"EOG091H040C"	NA	NA	0
"EOG091H02QY"	44	297	14.8148148148148
"EOG091H06P4"	176	238	73.9495798319328
"EOG091H06E3"	34	223	15.2466367713004
"EOG091H02LV"	117	413	28.3292978208232
"EOG091H08DZ"	NA	NA	0
"EOG091H0203"	136	464	29.3103448275862
"EOG091H00GC"	NA	NA	0
"EOG091H09V4"	67	102	65.6862745098039
"EOG091H05Y2"	47	203	23.1527093596059
"EOG091H03QW"	89	312	28.525641025641
"EOG091H01KU"	138	498	27.710843373494
"EOG091H00ZE"	543	621	87.43961352657
"EOG091H03LV"	93	383	24.2819843342037
"EOG091H01FB"	259	605	42.8099173553719
"EOG091H02GQ"	161	350	46
"EOG091H04MR"	198	326	60.7361963190184
"EOG091H028G"	NA	NA	0
"EOG091H0556"	221	282	78.3687943262411
"EOG091H02JZ"	120	463	25.9179265658747
"EOG091H082Z"	125	149	83.8926174496644
"EOG091H050V"	67	1248	5.36858974358974
"EOG091H01XS"	332	491	67.6171079429735
"EOG091H05RZ"	199	296	67.2297297297297
"EOG091H01OQ"	241	495	48.6868686868687
"EOG091H02G0"	24	343	6.99708454810496
"EOG091H01L2"	242	452	53.5398230088496
"EOG091H05HW"	48	291	16.4948453608247
"EOG091H01A9"	147	554	26.5342960288809
"EOG091H072K"	NA	NA	0
"EOG091H03OC"	240	385	62.3376623376623
"EOG091H06J8"	NA	NA	0
"EOG091H004H"	722	1486	48.5868102288022
"EOG091H09XJ"	28	93	30.1075268817204
"EOG091H00UT"	59	923	6.39219934994583
"EOG091H047D"	100	348	28.735632183908
"EOG091H016T"	77	562	13.7010676156584
"EOG091H02RR"	214	365	58.6301369863014
"EOG091H094E"	106	145	73.1034482758621
"EOG091H08FP"	95	129	73.6434108527132
"EOG091H01Z5"	336	392	85.7142857142857
"EOG091H03B2"	116	382	30.3664921465969
"EOG091H05CW"	161	241	66.804979253112
"EOG091H03L0"	154	290	53.1034482758621
"EOG091H081J"	64	169	37.8698224852071
"EOG091H05PM"	NA	NA	0
"EOG091H04XH"	109	255	42.7450980392157
"EOG091H03WJ"	249	311	80.064308681672
"EOG091H00MS"	NA	NA	0
"EOG091H06OZ"	58	374	15.5080213903743
"EOG091H03PX"	35	301	11.6279069767442
"EOG091H01WO"	52	430	12.093023255814
"EOG091H003X"	26	1479	1.7579445571332
"EOG091H03WS"	125	358	34.9162011173184
"EOG091H07VA"	124	178	69.6629213483146
"EOG091H0759"	78	219	35.6164383561644
"EOG091H00HI"	13	679	1.91458026509573
"EOG091H075U"	149	215	69.3023255813954
"EOG091H053G"	128	249	51.4056224899598
"EOG091H02OZ"	171	280	61.0714285714286
"EOG091H01PY"	229	276	82.9710144927536
"EOG091H05FV"	144	266	54.1353383458647
"EOG091H02KT"	193	392	49.234693877551
"EOG091H026T"	419	454	92.2907488986784
"EOG091H0499"	210	290	72.4137931034483
"EOG091H0092"	601	1043	57.6222435282838
"EOG091H068W"	83	274	30.2919708029197
"EOG091H01TF"	14	528	2.65151515151515
"EOG091H04GH"	21	274	7.66423357664234
"EOG091H01OP"	244	481	50.7276507276507
"EOG091H09BG"	27	113	23.8938053097345
"EOG091H00PS"	81	717	11.2970711297071
"EOG091H03Z1"	292	332	87.9518072289157
"EOG091H02TB"	169	383	44.1253263707572
"EOG091H01HA"	NA	NA	0
"EOG091H00H9"	355	808	43.9356435643564
"EOG091H04CB"	75	289	25.9515570934256
"EOG091H07O3"	85	171	49.7076023391813
"EOG091H07R1"	26	173	15.028901734104
"EOG091H08YO"	125	125	100
"EOG091H01GT"	312	496	62.9032258064516
"EOG091H04Q2"	265	332	79.8192771084337
"EOG091H025U"	161	477	33.7526205450734
"EOG091H00YF"	203	643	31.5707620528771
"EOG091H0AO9"	25	302	8.27814569536424
"EOG091H08GV"	101	151	66.887417218543
"EOG091H04B8"	54	396	13.6363636363636
"EOG091H01V8"	139	437	31.8077803203661
"EOG091H09EO"	45	157	28.6624203821656
"EOG091H0061"	245	1131	21.6622458001768
"EOG091H048H"	147	310	47.4193548387097
"EOG091H02N2"	307	519	59.1522157996146
"EOG091H04L1"	208	261	79.6934865900383
"EOG091H07OL"	144	203	70.935960591133
"EOG091H04UR"	204	340	60
"EOG091H05XE"	238	271	87.8228782287823
"EOG091H01UD"	188	381	49.3438320209974
"EOG091H01ZL"	NA	NA	0
"EOG091H0081"	819	1098	74.5901639344262
"EOG091H01JQ"	216	808	26.7326732673267
"EOG091H014U"	204	556	36.6906474820144
"EOG091H0526"	249	295	84.406779661017
"EOG091H03A1"	184	454	40.5286343612335
"EOG091H01PG"	284	496	57.258064516129
"EOG091H05BO"	192	307	62.5407166123778
"EOG091H01TP"	371	521	71.2092130518234
"EOG091H05E4"	74	278	26.6187050359712
"EOG091H0639"	27	245	11.0204081632653
"EOG091H03AV"	239	300	79.6666666666667
"EOG091H0ABO"	50	84	59.5238095238095
"EOG091H070G"	81	237	34.1772151898734
"EOG091H01MS"	123	476	25.8403361344538
"EOG091H00OH"	40	423	9.45626477541371
"EOG091H027F"	47	328	14.3292682926829
"EOG091H0684"	1	242	0.413223140495868
"EOG091H097W"	66	124	53.2258064516129
"EOG091H09I7"	78	119	65.546218487395
"EOG091H00E0"	706	871	81.0562571756602
"EOG091H0440"	259	352	73.5795454545455
"EOG091H04CZ"	191	317	60.2523659305994
"EOG091H00JR"	311	818	38.0195599022005
"EOG091H02PD"	123	464	26.5086206896552
"EOG091H08SY"	110	142	77.4647887323944
"EOG091H00DB"	634	1002	63.2734530938124
"EOG091H00JN"	136	1051	12.9400570884872
"EOG091H05ET"	56	244	22.9508196721311
"EOG091H02P6"	221	563	39.2539964476021
"EOG091H08CJ"	134	140	95.7142857142857
"EOG091H07KS"	43	252	17.0634920634921
"EOG091H02N4"	318	412	77.1844660194175
"EOG091H01ZI"	273	446	61.2107623318386
"EOG091H08CO"	58	144	40.2777777777778
"EOG091H01LC"	198	491	40.3258655804481
"EOG091H006J"	NA	NA	0
"EOG091H02MQ"	212	346	61.271676300578
"EOG091H07DW"	37	223	16.5919282511211
"EOG091H03FF"	241	343	70.2623906705539
"EOG091H039M"	318	403	78.9081885856079
"EOG091H0A4V"	33	86	38.3720930232558
"EOG091H004P"	232	1474	15.7394843962008
"EOG091H08X9"	84	130	64.6153846153846
"EOG091H0338"	149	357	41.7366946778711
"EOG091H02HH"	147	365	40.2739726027397
"EOG091H0125"	NA	NA	0
"EOG091H0ARY"	69	77	89.6103896103896
"EOG091H02DM"	NA	NA	0
"EOG091H01CI"	475	660	71.969696969697
"EOG091H00NH"	646	753	85.7901726427623
"EOG091H071D"	149	198	75.2525252525252
"EOG091H09YU"	28	216	12.962962962963
"EOG091H080L"	117	154	75.974025974026
"EOG091H07EW"	102	183	55.7377049180328
"EOG091H0868"	87	195	44.6153846153846
"EOG091H0905"	85	204	41.6666666666667
"EOG091H08ED"	123	158	77.8481012658228
"EOG091H09YV"	44	95	46.3157894736842
"EOG091H02DK"	259	574	45.1219512195122
"EOG091H01OW"	143	465	30.752688172043
"EOG091H03GI"	70	385	18.1818181818182
"EOG091H011J"	459	656	69.969512195122
"EOG091H012M"	103	713	14.4460028050491
"EOG091H000H"	354	3582	9.88274706867672
"EOG091H04Y6"	157	371	42.3180592991914
"EOG091H00KR"	135	836	16.1483253588517
"EOG091H037R"	73	450	16.2222222222222
"EOG091H04AQ"	NA	NA	0
"EOG091H021O"	278	476	58.4033613445378
"EOG091H01DR"	110	675	16.2962962962963
"EOG091H018G"	51	522	9.77011494252874
"EOG091H092P"	121	133	90.9774436090226
"EOG091H08AH"	NA	NA	0
"EOG091H02VX"	291	412	70.631067961165
"EOG091H079J"	NA	NA	0
"EOG091H081R"	40	246	16.260162601626
"EOG091H00PT"	26	725	3.58620689655172
"EOG091H024K"	345	419	82.3389021479714
"EOG091H0695"	81	235	34.468085106383
"EOG091H07DI"	155	167	92.814371257485
"EOG091H03FB"	103	325	31.6923076923077
"EOG091H04RG"	209	339	61.6519174041298
"EOG091H051E"	74	322	22.9813664596273
"EOG091H01RN"	36	525	6.85714285714286
"EOG091H00YA"	211	422	50
"EOG091H017O"	294	530	55.4716981132075
"EOG091H07E3"	57	191	29.8429319371728
"EOG091H0A9P"	37	83	44.578313253012
"EOG091H0357"	133	361	36.8421052631579
"EOG091H00SU"	153	729	20.9876543209877
"EOG091H04EF"	90	278	32.3741007194245
"EOG091H012J"	21	1764	1.19047619047619
"EOG091H05S1"	NA	NA	0
"EOG091H0480"	NA	NA	0
"EOG091H01I1"	110	611	18.0032733224223
"EOG091H033A"	207	351	58.974358974359
"EOG091H05F5"	NA	NA	0
"EOG091H02J5"	135	363	37.1900826446281
"EOG091H04C4"	158	250	63.2
"EOG091H07EX"	124	317	39.1167192429022
"EOG091H08J9"	105	130	80.7692307692308
"EOG091H09DW"	21	159	13.2075471698113
"EOG091H033Y"	152	343	44.3148688046647
"EOG091H04CY"	48	436	11.0091743119266
"EOG091H06TA"	82	300	27.3333333333333
"EOG091H045Z"	278	282	98.5815602836879
"EOG091H016I"	63	554	11.3718411552347
"EOG091H04HP"	231	306	75.4901960784314
"EOG091H09U1"	23	106	21.6981132075472
"EOG091H01HW"	10	603	1.65837479270315
"EOG091H017K"	NA	NA	0
"EOG091H0ARC"	NA	NA	0
"EOG091H00EY"	707	936	75.534188034188
"EOG091H0AUJ"	33	83	39.7590361445783
"EOG091H02D8"	39	402	9.70149253731343
"EOG091H09AA"	104	131	79.3893129770992
"EOG091H02W7"	53	163	32.5153374233129
"EOG091H02JU"	332	433	76.6743648960739
"EOG091H01PS"	188	448	41.9642857142857
"EOG091H04D0"	129	263	49.0494296577947
"EOG091H0025"	500	1068	46.8164794007491
"EOG091H007C"	355	1161	30.5770887166236
"EOG091H015E"	357	588	60.7142857142857
"EOG091H07GY"	24	244	9.83606557377049
"EOG091H07Z3"	78	167	46.7065868263473
"EOG091H06FU"	147	181	81.2154696132597
"EOG091H09D9"	66	263	25.0950570342205
"EOG091H05PJ"	90	294	30.6122448979592
"EOG091H03YO"	26	572	4.54545454545455
"EOG091H06IL"	119	269	44.2379182156134
"EOG091H07YC"	154	179	86.0335195530726
"EOG091H028C"	158	420	37.6190476190476
"EOG091H03KM"	132	412	32.0388349514563
"EOG091H01B8"	206	628	32.8025477707006
"EOG091H0352"	69	477	14.4654088050314
"EOG091H04D3"	115	433	26.5588914549654
"EOG091H04X6"	118	285	41.4035087719298
"EOG091H04XZ"	74	276	26.8115942028986
"EOG091H041T"	115	320	35.9375
"EOG091H05C4"	68	207	32.8502415458937
"EOG091H00S9"	NA	NA	0
"EOG091H00OW"	17	703	2.41820768136558
"EOG091H00VP"	68	599	11.3522537562604
"EOG091H00JS"	364	731	49.7948016415869
"EOG091H03KF"	15	387	3.87596899224806
"EOG091H07LU"	34	124	27.4193548387097
"EOG091H00LI"	NA	NA	0
"EOG091H09OH"	23	113	20.353982300885
"EOG091H02RC"	246	405	60.7407407407407
"EOG091H00XI"	120	910	13.1868131868132
"EOG091H07TO"	141	166	84.9397590361446
"EOG091H08AP"	20	166	12.0481927710843
"EOG091H01Y6"	28	583	4.80274442538593
"EOG091H01Y3"	306	463	66.0907127429806
"EOG091H01C0"	162	543	29.8342541436464
"EOG091H04G8"	109	282	38.6524822695035
"EOG091H034R"	100	396	25.2525252525253
"EOG091H079M"	NA	NA	0
"EOG091H057H"	129	251	51.394422310757
"EOG091H02QU"	76	445	17.0786516853933
"EOG091H06CG"	62	224	27.6785714285714
"EOG091H0242"	298	376	79.2553191489362
"EOG091H0BC8"	43	94	45.7446808510638
"EOG091H028H"	181	420	43.0952380952381
"EOG091H03OM"	190	332	57.2289156626506
"EOG091H0107"	485	611	79.3780687397709
"EOG091H02XP"	267	347	76.9452449567723
"EOG091H03AL"	277	334	82.934131736527
"EOG091H00HN"	407	840	48.4523809523809
"EOG091H0B5N"	NA	NA	0
"EOG091H00G5"	39	1111	3.51035103510351
"EOG091H04VY"	92	258	35.6589147286822
"EOG091H07W7"	90	137	65.6934306569343
"EOG091H00KL"	522	806	64.7642679900744
"EOG091H03CU"	183	382	47.9057591623037
"EOG091H094D"	87	135	64.4444444444444
"EOG091H02FZ"	275	399	68.922305764411
"EOG091H02YS"	NA	NA	0
"EOG091H02QB"	249	299	83.2775919732441
"EOG091H01SH"	284	429	66.2004662004662
"EOG091H038Z"	143	456	31.359649122807
"EOG091H087M"	36	173	20.8092485549133
"EOG091H0034"	636	1901	33.4560757496055
"EOG091H02AZ"	207	419	49.4033412887828
"EOG091H00ZS"	380	588	64.6258503401361
"EOG091H03WV"	149	325	45.8461538461538
"EOG091H03NW"	16	367	4.35967302452316
"EOG091H024D"	224	447	50.1118568232662
"EOG091H01EU"	285	366	77.8688524590164
"EOG091H00DM"	740	999	74.0740740740741
"EOG091H066S"	113	232	48.7068965517241
"EOG091H055C"	157	312	50.3205128205128
"EOG091H03CT"	240	323	74.3034055727554
"EOG091H01JA"	75	543	13.8121546961326
"EOG091H0395"	139	341	40.7624633431085
